INSERT INTO XXCCMS_PROVIDERFIRMS_V (PROVIDERFIRM_ID, PROVIDERFIRM_NAME) VALUES (1000, 'Provider 1');
INSERT INTO XXCCMS_PROVIDERFIRMS_V (PROVIDERFIRM_ID, PROVIDERFIRM_NAME) VALUES (1001, 'Provider 2');
INSERT INTO XXCCMS_PROVIDER_OFFICES_V (OFFICE_ID, OFFICE_NAME, PROVIDERFIRM_ID) VALUES (100, 'Office 1 for Provider 1', 1000);
INSERT INTO XXCCMS_PROVIDER_OFFICES_V (OFFICE_ID, OFFICE_NAME, PROVIDERFIRM_ID) VALUES (101, 'Office 2 for Provider 1', 1000);
INSERT INTO XXCCMS_PROVIDER_OFFICES_V (OFFICE_ID, OFFICE_NAME, PROVIDERFIRM_ID) VALUES (102, 'Office 1 for Provider 2', 1001);
INSERT INTO XXCCMS_FEE_EARNERS_V (CONTACT_ID, CONTACT_NAME, PROVIDERFIRM_ID) VALUES (1, 'Fee Earner 1 in Provider 1 Office 1', 1000);
INSERT INTO XXCCMS_FEE_EARNER_OFFICES_V (CONTACT_ID, CONTACT_NAME, PROVIDERFIRM_ID, OFFICE_ID, OFFICE_NAME) VALUES (1, 'Fee Earner 1 in Provider 1 Office 1', 1000, 100, 'Office 1 for Provider 1');
INSERT INTO XXCCMS_FEE_EARNERS_V (CONTACT_ID, CONTACT_NAME, PROVIDERFIRM_ID) VALUES (2, 'Fee Earner 2 in Provider 1 Office 1', 1000);
INSERT INTO XXCCMS_FEE_EARNER_OFFICES_V (CONTACT_ID, CONTACT_NAME, PROVIDERFIRM_ID, OFFICE_ID, OFFICE_NAME) VALUES (2, 'Fee Earner 2 in Provider 1 Office 1', 1000, 100, 'Office 1 for Provider 1');
INSERT INTO XXCCMS_FEE_EARNERS_V (CONTACT_ID, CONTACT_NAME, PROVIDERFIRM_ID) VALUES (3, 'Fee Earner 3 in Provider 2 Office 1', 1001);
INSERT INTO XXCCMS_FEE_EARNER_OFFICES_V (CONTACT_ID, CONTACT_NAME, PROVIDERFIRM_ID, OFFICE_ID, OFFICE_NAME) VALUES (3, 'Fee Earner 3 in Provider 2 Office 1', 1001, 102, 'Office 1 for Provider 2');
